<annotation>
	<folder>images</folder>
	<filename>lego371.jpg</filename>
	<path>C:\Users\ifs54\OneDrive\Documentos\TensorFlow\workspace\training_demo\images\lego371.jpg</path>
	<source>
		<database>Unknown</database>
	</source>
	<size>
		<width>320</width>
		<height>240</height>
		<depth>3</depth>
	</size>
	<segmented>0</segmented>
	<object>
		<name>lego</name>
		<pose>Unspecified</pose>
		<truncated>0</truncated>
		<difficult>0</difficult>
		<bndbox>
			<xmin>115</xmin>
			<ymin>48</ymin>
			<xmax>225</xmax>
			<ymax>165</ymax>
		</bndbox>
	</object>
	<object>
		<name>lego</name>
		<pose>Unspecified</pose>
		<truncated>0</truncated>
		<difficult>0</difficult>
		<bndbox>
			<xmin>165</xmin>
			<ymin>8</ymin>
			<xmax>197</xmax>
			<ymax>30</ymax>
		</bndbox>
	</object>
	<object>
		<name>lego</name>
		<pose>Unspecified</pose>
		<truncated>0</truncated>
		<difficult>0</difficult>
		<bndbox>
			<xmin>233</xmin>
			<ymin>26</ymin>
			<xmax>270</xmax>
			<ymax>51</ymax>
		</bndbox>
	</object>
	<object>
		<name>lego</name>
		<pose>Unspecified</pose>
		<truncated>0</truncated>
		<difficult>0</difficult>
		<bndbox>
			<xmin>203</xmin>
			<ymin>10</ymin>
			<xmax>242</xmax>
			<ymax>29</ymax>
		</bndbox>
	</object>
</annotation>
