<annotation>
	<folder>images</folder>
	<filename>lego274.jpg</filename>
	<path>C:\Users\ifs54\OneDrive\Documentos\Tensorflow\workspace\training_demo\images\lego274.jpg</path>
	<source>
		<database>Unknown</database>
	</source>
	<size>
		<width>320</width>
		<height>240</height>
		<depth>3</depth>
	</size>
	<segmented>0</segmented>
	<object>
		<name>lego</name>
		<pose>Unspecified</pose>
		<truncated>0</truncated>
		<difficult>0</difficult>
		<bndbox>
			<xmin>57</xmin>
			<ymin>132</ymin>
			<xmax>136</xmax>
			<ymax>167</ymax>
		</bndbox>
	</object>
	<object>
		<name>lego</name>
		<pose>Unspecified</pose>
		<truncated>0</truncated>
		<difficult>0</difficult>
		<bndbox>
			<xmin>203</xmin>
			<ymin>25</ymin>
			<xmax>240</xmax>
			<ymax>73</ymax>
		</bndbox>
	</object>
</annotation>
