<annotation>
	<folder>images</folder>
	<filename>lego531.jpg</filename>
	<path>C:\Users\ifs54\OneDrive\Documentos\TensorFlow\workspace\training_demo\images\lego531.jpg</path>
	<source>
		<database>Unknown</database>
	</source>
	<size>
		<width>320</width>
		<height>240</height>
		<depth>3</depth>
	</size>
	<segmented>0</segmented>
	<object>
		<name>lego</name>
		<pose>Unspecified</pose>
		<truncated>0</truncated>
		<difficult>0</difficult>
		<bndbox>
			<xmin>153</xmin>
			<ymin>81</ymin>
			<xmax>257</xmax>
			<ymax>204</ymax>
		</bndbox>
	</object>
	<object>
		<name>lego</name>
		<pose>Unspecified</pose>
		<truncated>0</truncated>
		<difficult>0</difficult>
		<bndbox>
			<xmin>109</xmin>
			<ymin>8</ymin>
			<xmax>124</xmax>
			<ymax>26</ymax>
		</bndbox>
	</object>
	<object>
		<name>lego</name>
		<pose>Unspecified</pose>
		<truncated>1</truncated>
		<difficult>0</difficult>
		<bndbox>
			<xmin>68</xmin>
			<ymin>1</ymin>
			<xmax>100</xmax>
			<ymax>20</ymax>
		</bndbox>
	</object>
</annotation>
