<annotation>
	<folder>images</folder>
	<filename>lego254.png</filename>
	<path>C:\Users\ifs54\OneDrive\Documentos\Tensorflow\workspace\training_demo\images\lego254.png</path>
	<source>
		<database>Unknown</database>
	</source>
	<size>
		<width>320</width>
		<height>240</height>
		<depth>3</depth>
	</size>
	<segmented>0</segmented>
	<object>
		<name>lego</name>
		<pose>Unspecified</pose>
		<truncated>0</truncated>
		<difficult>0</difficult>
		<bndbox>
			<xmin>112</xmin>
			<ymin>61</ymin>
			<xmax>164</xmax>
			<ymax>132</ymax>
		</bndbox>
	</object>
</annotation>
