<annotation>
	<folder>ideapad</folder>
	<filename>lego563.jpg</filename>
	<path>C:\Users\ifs54\OneDrive\Documentos\Faculdade\Computação\IC\dataset-lego-new\ideapad\lego563.jpg</path>
	<source>
		<database>Unknown</database>
	</source>
	<size>
		<width>640</width>
		<height>480</height>
		<depth>3</depth>
	</size>
	<segmented>0</segmented>
	<object>
		<name>lego</name>
		<pose>Unspecified</pose>
		<truncated>0</truncated>
		<difficult>0</difficult>
		<bndbox>
			<xmin>15</xmin>
			<ymin>145</ymin>
			<xmax>81</xmax>
			<ymax>188</ymax>
		</bndbox>
	</object>
	<object>
		<name>lego</name>
		<pose>Unspecified</pose>
		<truncated>0</truncated>
		<difficult>0</difficult>
		<bndbox>
			<xmin>239</xmin>
			<ymin>41</ymin>
			<xmax>297</xmax>
			<ymax>187</ymax>
		</bndbox>
	</object>
	<object>
		<name>lego</name>
		<pose>Unspecified</pose>
		<truncated>0</truncated>
		<difficult>0</difficult>
		<bndbox>
			<xmin>396</xmin>
			<ymin>225</ymin>
			<xmax>483</xmax>
			<ymax>278</ymax>
		</bndbox>
	</object>
</annotation>
