<annotation>
	<folder>ideapad</folder>
	<filename>lego1003.jpg</filename>
	<path>C:\Users\ifs54\OneDrive\Documentos\Faculdade\Computação\IC\dataset-lego-new\ideapad\lego1003.jpg</path>
	<source>
		<database>Unknown</database>
	</source>
	<size>
		<width>640</width>
		<height>480</height>
		<depth>3</depth>
	</size>
	<segmented>0</segmented>
	<object>
		<name>lego</name>
		<pose>Unspecified</pose>
		<truncated>0</truncated>
		<difficult>0</difficult>
		<bndbox>
			<xmin>115</xmin>
			<ymin>164</ymin>
			<xmax>172</xmax>
			<ymax>217</ymax>
		</bndbox>
	</object>
	<object>
		<name>lego</name>
		<pose>Unspecified</pose>
		<truncated>0</truncated>
		<difficult>0</difficult>
		<bndbox>
			<xmin>219</xmin>
			<ymin>184</ymin>
			<xmax>300</xmax>
			<ymax>256</ymax>
		</bndbox>
	</object>
	<object>
		<name>lego</name>
		<pose>Unspecified</pose>
		<truncated>0</truncated>
		<difficult>0</difficult>
		<bndbox>
			<xmin>105</xmin>
			<ymin>16</ymin>
			<xmax>185</xmax>
			<ymax>77</ymax>
		</bndbox>
	</object>
</annotation>
