<annotation>
	<folder>ideapad</folder>
	<filename>lego1017.jpg</filename>
	<path>C:\Users\ifs54\OneDrive\Documentos\Faculdade\Computação\IC\dataset-lego-new\ideapad\lego1017.jpg</path>
	<source>
		<database>Unknown</database>
	</source>
	<size>
		<width>640</width>
		<height>480</height>
		<depth>3</depth>
	</size>
	<segmented>0</segmented>
	<object>
		<name>lego</name>
		<pose>Unspecified</pose>
		<truncated>0</truncated>
		<difficult>0</difficult>
		<bndbox>
			<xmin>46</xmin>
			<ymin>174</ymin>
			<xmax>147</xmax>
			<ymax>267</ymax>
		</bndbox>
	</object>
	<object>
		<name>lego</name>
		<pose>Unspecified</pose>
		<truncated>0</truncated>
		<difficult>0</difficult>
		<bndbox>
			<xmin>162</xmin>
			<ymin>46</ymin>
			<xmax>213</xmax>
			<ymax>126</ymax>
		</bndbox>
	</object>
	<object>
		<name>lego</name>
		<pose>Unspecified</pose>
		<truncated>0</truncated>
		<difficult>0</difficult>
		<bndbox>
			<xmin>182</xmin>
			<ymin>232</ymin>
			<xmax>271</xmax>
			<ymax>319</ymax>
		</bndbox>
	</object>
	<object>
		<name>lego</name>
		<pose>Unspecified</pose>
		<truncated>0</truncated>
		<difficult>0</difficult>
		<bndbox>
			<xmin>301</xmin>
			<ymin>140</ymin>
			<xmax>400</xmax>
			<ymax>240</ymax>
		</bndbox>
	</object>
	<object>
		<name>lego</name>
		<pose>Unspecified</pose>
		<truncated>0</truncated>
		<difficult>0</difficult>
		<bndbox>
			<xmin>401</xmin>
			<ymin>182</ymin>
			<xmax>494</xmax>
			<ymax>272</ymax>
		</bndbox>
	</object>
	<object>
		<name>lego</name>
		<pose>Unspecified</pose>
		<truncated>0</truncated>
		<difficult>0</difficult>
		<bndbox>
			<xmin>340</xmin>
			<ymin>35</ymin>
			<xmax>430</xmax>
			<ymax>129</ymax>
		</bndbox>
	</object>
</annotation>
