<annotation>
	<folder>ideapad</folder>
	<filename>lego1014.jpg</filename>
	<path>C:\Users\ifs54\OneDrive\Documentos\Faculdade\Computação\IC\dataset-lego-new\ideapad\lego1014.jpg</path>
	<source>
		<database>Unknown</database>
	</source>
	<size>
		<width>640</width>
		<height>480</height>
		<depth>3</depth>
	</size>
	<segmented>0</segmented>
	<object>
		<name>lego</name>
		<pose>Unspecified</pose>
		<truncated>0</truncated>
		<difficult>0</difficult>
		<bndbox>
			<xmin>49</xmin>
			<ymin>166</ymin>
			<xmax>140</xmax>
			<ymax>247</ymax>
		</bndbox>
	</object>
	<object>
		<name>lego</name>
		<pose>Unspecified</pose>
		<truncated>0</truncated>
		<difficult>0</difficult>
		<bndbox>
			<xmin>138</xmin>
			<ymin>236</ymin>
			<xmax>183</xmax>
			<ymax>318</ymax>
		</bndbox>
	</object>
	<object>
		<name>lego</name>
		<pose>Unspecified</pose>
		<truncated>1</truncated>
		<difficult>0</difficult>
		<bndbox>
			<xmin>1</xmin>
			<ymin>322</ymin>
			<xmax>31</xmax>
			<ymax>406</ymax>
		</bndbox>
	</object>
	<object>
		<name>lego</name>
		<pose>Unspecified</pose>
		<truncated>1</truncated>
		<difficult>0</difficult>
		<bndbox>
			<xmin>584</xmin>
			<ymin>249</ymin>
			<xmax>640</xmax>
			<ymax>346</ymax>
		</bndbox>
	</object>
</annotation>
