<annotation>
	<folder>ideapad</folder>
	<filename>lego1019.jpg</filename>
	<path>C:\Users\ifs54\OneDrive\Documentos\Faculdade\Computação\IC\dataset-lego-new\ideapad\lego1019.jpg</path>
	<source>
		<database>Unknown</database>
	</source>
	<size>
		<width>640</width>
		<height>480</height>
		<depth>3</depth>
	</size>
	<segmented>0</segmented>
	<object>
		<name>lego</name>
		<pose>Unspecified</pose>
		<truncated>0</truncated>
		<difficult>0</difficult>
		<bndbox>
			<xmin>9</xmin>
			<ymin>232</ymin>
			<xmax>109</xmax>
			<ymax>322</ymax>
		</bndbox>
	</object>
	<object>
		<name>lego</name>
		<pose>Unspecified</pose>
		<truncated>0</truncated>
		<difficult>0</difficult>
		<bndbox>
			<xmin>127</xmin>
			<ymin>114</ymin>
			<xmax>197</xmax>
			<ymax>194</ymax>
		</bndbox>
	</object>
	<object>
		<name>lego</name>
		<pose>Unspecified</pose>
		<truncated>0</truncated>
		<difficult>0</difficult>
		<bndbox>
			<xmin>83</xmin>
			<ymin>303</ymin>
			<xmax>191</xmax>
			<ymax>398</ymax>
		</bndbox>
	</object>
	<object>
		<name>lego</name>
		<pose>Unspecified</pose>
		<truncated>0</truncated>
		<difficult>0</difficult>
		<bndbox>
			<xmin>215</xmin>
			<ymin>216</ymin>
			<xmax>329</xmax>
			<ymax>329</ymax>
		</bndbox>
	</object>
	<object>
		<name>lego</name>
		<pose>Unspecified</pose>
		<truncated>0</truncated>
		<difficult>0</difficult>
		<bndbox>
			<xmin>303</xmin>
			<ymin>273</ymin>
			<xmax>425</xmax>
			<ymax>393</ymax>
		</bndbox>
	</object>
	<object>
		<name>lego</name>
		<pose>Unspecified</pose>
		<truncated>0</truncated>
		<difficult>0</difficult>
		<bndbox>
			<xmin>289</xmin>
			<ymin>98</ymin>
			<xmax>397</xmax>
			<ymax>208</ymax>
		</bndbox>
	</object>
</annotation>
