<annotation>
	<folder>images</folder>
	<filename>lego540.png</filename>
	<path>C:\Users\ifs54\OneDrive\Documentos\TensorFlow\workspace\training_demo\images\lego540.png</path>
	<source>
		<database>Unknown</database>
	</source>
	<size>
		<width>320</width>
		<height>240</height>
		<depth>3</depth>
	</size>
	<segmented>0</segmented>
	<object>
		<name>lego</name>
		<pose>Unspecified</pose>
		<truncated>0</truncated>
		<difficult>0</difficult>
		<bndbox>
			<xmin>151</xmin>
			<ymin>113</ymin>
			<xmax>193</xmax>
			<ymax>171</ymax>
		</bndbox>
	</object>
	<object>
		<name>lego</name>
		<pose>Unspecified</pose>
		<truncated>1</truncated>
		<difficult>0</difficult>
		<bndbox>
			<xmin>1</xmin>
			<ymin>97</ymin>
			<xmax>18</xmax>
			<ymax>107</ymax>
		</bndbox>
	</object>
	<object>
		<name>lego</name>
		<pose>Unspecified</pose>
		<truncated>0</truncated>
		<difficult>0</difficult>
		<bndbox>
			<xmin>10</xmin>
			<ymin>103</ymin>
			<xmax>33</xmax>
			<ymax>112</ymax>
		</bndbox>
	</object>
	<object>
		<name>lego</name>
		<pose>Unspecified</pose>
		<truncated>0</truncated>
		<difficult>0</difficult>
		<bndbox>
			<xmin>24</xmin>
			<ymin>98</ymin>
			<xmax>50</xmax>
			<ymax>110</ymax>
		</bndbox>
	</object>
	<object>
		<name>lego</name>
		<pose>Unspecified</pose>
		<truncated>0</truncated>
		<difficult>0</difficult>
		<bndbox>
			<xmin>55</xmin>
			<ymin>108</ymin>
			<xmax>74</xmax>
			<ymax>121</ymax>
		</bndbox>
	</object>
	<object>
		<name>lego</name>
		<pose>Unspecified</pose>
		<truncated>0</truncated>
		<difficult>0</difficult>
		<bndbox>
			<xmin>79</xmin>
			<ymin>111</ymin>
			<xmax>92</xmax>
			<ymax>122</ymax>
		</bndbox>
	</object>
</annotation>
