<annotation>
	<folder>images</folder>
	<filename>lego237.png</filename>
	<path>C:\Users\ifs54\OneDrive\Documentos\Tensorflow\workspace\training_demo\images\lego237.png</path>
	<source>
		<database>Unknown</database>
	</source>
	<size>
		<width>320</width>
		<height>240</height>
		<depth>3</depth>
	</size>
	<segmented>0</segmented>
	<object>
		<name>lego</name>
		<pose>Unspecified</pose>
		<truncated>0</truncated>
		<difficult>0</difficult>
		<bndbox>
			<xmin>138</xmin>
			<ymin>47</ymin>
			<xmax>187</xmax>
			<ymax>141</ymax>
		</bndbox>
	</object>
	<object>
		<name>lego</name>
		<pose>Unspecified</pose>
		<truncated>0</truncated>
		<difficult>0</difficult>
		<bndbox>
			<xmin>41</xmin>
			<ymin>9</ymin>
			<xmax>73</xmax>
			<ymax>69</ymax>
		</bndbox>
	</object>
</annotation>
