<annotation>
	<folder>imagens-validate-640x480 - labels</folder>
	<filename>lego50.jpg</filename>
	<path>C:\Users\ifs54\OneDrive\Documentos\Faculdade\Computação\IC\Validar modelo 640x480\imagens-validate-640x480 - labels\lego50.jpg</path>
	<source>
		<database>Unknown</database>
	</source>
	<size>
		<width>640</width>
		<height>480</height>
		<depth>3</depth>
	</size>
	<segmented>0</segmented>
	<object>
		<name>lego</name>
		<pose>Unspecified</pose>
		<truncated>0</truncated>
		<difficult>0</difficult>
		<bndbox>
			<xmin>104</xmin>
			<ymin>413</ymin>
			<xmax>149</xmax>
			<ymax>457</ymax>
		</bndbox>
	</object>
</annotation>
