<annotation>
	<folder>images</folder>
	<filename>lego275.png</filename>
	<path>C:\Users\ifs54\OneDrive\Documentos\Tensorflow\workspace\training_demo\images\lego275.png</path>
	<source>
		<database>Unknown</database>
	</source>
	<size>
		<width>320</width>
		<height>240</height>
		<depth>3</depth>
	</size>
	<segmented>0</segmented>
	<object>
		<name>lego</name>
		<pose>Unspecified</pose>
		<truncated>1</truncated>
		<difficult>0</difficult>
		<bndbox>
			<xmin>34</xmin>
			<ymin>1</ymin>
			<xmax>134</xmax>
			<ymax>88</ymax>
		</bndbox>
	</object>
</annotation>
