<annotation>
	<folder>images</folder>
	<filename>lego319.png</filename>
	<path>C:\Users\ifs54\OneDrive\Documentos\TensorFlow\workspace\training_demo\images\lego319.png</path>
	<source>
		<database>Unknown</database>
	</source>
	<size>
		<width>320</width>
		<height>240</height>
		<depth>3</depth>
	</size>
	<segmented>0</segmented>
	<object>
		<name>lego</name>
		<pose>Unspecified</pose>
		<truncated>0</truncated>
		<difficult>0</difficult>
		<bndbox>
			<xmin>130</xmin>
			<ymin>35</ymin>
			<xmax>187</xmax>
			<ymax>126</ymax>
		</bndbox>
	</object>
	<object>
		<name>lego</name>
		<pose>Unspecified</pose>
		<truncated>1</truncated>
		<difficult>0</difficult>
		<bndbox>
			<xmin>34</xmin>
			<ymin>1</ymin>
			<xmax>87</xmax>
			<ymax>16</ymax>
		</bndbox>
	</object>
</annotation>
