<annotation>
	<folder>images</folder>
	<filename>lego238.png</filename>
	<path>C:\Users\ifs54\OneDrive\Documentos\Tensorflow\workspace\training_demo\images\lego238.png</path>
	<source>
		<database>Unknown</database>
	</source>
	<size>
		<width>320</width>
		<height>240</height>
		<depth>3</depth>
	</size>
	<segmented>0</segmented>
	<object>
		<name>lego</name>
		<pose>Unspecified</pose>
		<truncated>0</truncated>
		<difficult>0</difficult>
		<bndbox>
			<xmin>150</xmin>
			<ymin>38</ymin>
			<xmax>201</xmax>
			<ymax>130</ymax>
		</bndbox>
	</object>
	<object>
		<name>lego</name>
		<pose>Unspecified</pose>
		<truncated>1</truncated>
		<difficult>0</difficult>
		<bndbox>
			<xmin>34</xmin>
			<ymin>1</ymin>
			<xmax>67</xmax>
			<ymax>35</ymax>
		</bndbox>
	</object>
</annotation>
